PID,Time,Event,Duration(ms)
29787,1700976620.038640,Starting forkall,0.00
29787,1700976620.137599,Starting parent,98.96
29787,1700976620.138374,Started wait for iothread lock,0.78
29787,1700976620.138462,Acquired iothread lock,0.09
29787,1700976620.138541,HMP done in parent,0.08
29927,1700976628.143396,Starting forkall,8004.85
29940,1700976628.246417,Starting child,103.02
29940,1700976628.247890,Restored threads,1.47
