PID,Time,Event,Duration(ms)
29101,1700976587.399681,Starting forkall,0.00
29101,1700976587.498767,Starting parent,99.09
29101,1700976587.499633,Started wait for iothread lock,0.87
29101,1700976587.499778,Acquired iothread lock,0.14
29101,1700976587.499823,HMP done in parent,0.05
29615,1700976611.948393,Starting forkall,24448.57
29628,1700976612.047071,Starting child,98.68
29628,1700976612.049241,Restored threads,2.17
