PID,Time,Event,Duration(ms)
29101,1700976587.399681,Starting forkall,0.00
29101,1700976587.498767,Starting parent,99.09
29101,1700976587.499633,Started wait for iothread lock,0.87
29101,1700976587.499778,Acquired iothread lock,0.14
29101,1700976587.499823,HMP done in parent,0.05
29529,1700976607.778343,Starting forkall,20278.52
29542,1700976607.877778,Starting child,99.44
29542,1700976607.880463,Restored threads,2.68
