PID,Time,Event,Duration(ms)
29787,1700976620.038640,Starting forkall,0.00
29787,1700976620.137599,Starting parent,98.96
29787,1700976620.138374,Started wait for iothread lock,0.78
29787,1700976620.138462,Acquired iothread lock,0.09
29787,1700976620.138541,HMP done in parent,0.08
30411,1700976652.627626,Starting forkall,32489.08
30424,1700976652.730959,Starting child,103.33
30424,1700976652.732278,Restored threads,1.32
