PID,Time,Event,Duration(ms)
29787,1700976620.038640,Starting forkall,0.00
29787,1700976620.137599,Starting parent,98.96
29787,1700976620.138374,Started wait for iothread lock,0.78
29787,1700976620.138462,Acquired iothread lock,0.09
29787,1700976620.138541,HMP done in parent,0.08
30241,1700976644.386006,Starting forkall,24247.47
30254,1700976644.486428,Starting child,100.42
30254,1700976644.487176,Restored threads,0.75
