PID,Time,Event,Duration(ms)
29787,1700976620.038640,Starting forkall,0.00
29787,1700976620.137599,Starting parent,98.96
29787,1700976620.138374,Started wait for iothread lock,0.78
29787,1700976620.138462,Acquired iothread lock,0.09
29787,1700976620.138541,HMP done in parent,0.08
30755,1700976668.984307,Starting forkall,48845.77
30768,1700976669.083815,Starting child,99.51
30768,1700976669.085610,Restored threads,1.79
