PID,Time,Event,Duration(ms)
29787,1700976620.038640,Starting forkall,0.00
29787,1700976620.137599,Starting parent,98.96
29787,1700976620.138374,Started wait for iothread lock,0.78
29787,1700976620.138462,Acquired iothread lock,0.09
29787,1700976620.138541,HMP done in parent,0.08
30583,1700976660.851801,Starting forkall,40713.26
30596,1700976660.949355,Starting child,97.55
30596,1700976660.949753,Restored threads,0.40
