PID,Time,Event,Duration(ms)
29787,1700976620.038640,Starting forkall,0.00
29787,1700976620.137599,Starting parent,98.96
29787,1700976620.138374,Started wait for iothread lock,0.78
29787,1700976620.138462,Acquired iothread lock,0.09
29787,1700976620.138541,HMP done in parent,0.08
30185,1700976640.411895,Starting forkall,20273.35
30198,1700976640.511244,Starting child,99.35
30198,1700976640.512656,Restored threads,1.41
