PID,Time,Event,Duration(ms)
27636,1700976514.003253,Starting forkall,0.00
27636,1700976514.102047,Starting parent,98.79
27636,1700976514.102812,Started wait for iothread lock,0.77
27636,1700976514.102876,Acquired iothread lock,0.06
27636,1700976514.103073,HMP done in parent,0.20
28849,1700976575.131295,Starting forkall,61028.22
28862,1700976575.230773,Starting child,99.48
28862,1700976575.232402,Restored threads,1.63
