PID,Time,Event,Duration(ms)
27636,1700976514.003253,Starting forkall,0.00
27636,1700976514.102047,Starting parent,98.79
27636,1700976514.102812,Started wait for iothread lock,0.77
27636,1700976514.102876,Acquired iothread lock,0.06
27636,1700976514.103073,HMP done in parent,0.20
28930,1700976579.300397,Starting forkall,65197.32
28943,1700976579.399904,Starting child,99.51
28943,1700976579.400787,Restored threads,0.88
