PID,Time,Event,Duration(ms)
25873,1700976428.510263,Starting forkall,0.00
25873,1700976428.609004,Starting parent,98.74
25873,1700976428.609777,Started wait for iothread lock,0.77
25873,1700976428.609880,Acquired iothread lock,0.10
25873,1700976428.609957,HMP done in parent,0.08
27499,1700976505.848202,Starting forkall,77238.25
27512,1700976505.948850,Starting child,100.65
27512,1700976505.952219,Restored threads,3.37
