PID,Time,Event,Duration(ms)
15663,1700975426.135917,Starting forkall,0.00
15663,1700975426.235029,Starting parent,99.11
15663,1700975426.235807,Started wait for iothread lock,0.78
15663,1700975426.235877,Acquired iothread lock,0.07
15663,1700975426.235955,HMP done in parent,0.08
16174,1700975450.595109,Starting forkall,24359.15
16187,1700975450.694268,Starting child,99.16
16187,1700975450.695127,Restored threads,0.86
