PID,Time,Event,Duration(ms)
25873,1700976428.510263,Starting forkall,0.00
25873,1700976428.609004,Starting parent,98.74
25873,1700976428.609777,Started wait for iothread lock,0.77
25873,1700976428.609880,Acquired iothread lock,0.10
25873,1700976428.609957,HMP done in parent,0.08
27241,1700976493.496375,Starting forkall,64886.42
27254,1700976493.595658,Starting child,99.28
27254,1700976493.596524,Restored threads,0.87
