PID,Time,Event,Duration(ms)
25873,1700976428.510263,Starting forkall,0.00
25873,1700976428.609004,Starting parent,98.74
25873,1700976428.609777,Started wait for iothread lock,0.77
25873,1700976428.609880,Acquired iothread lock,0.10
25873,1700976428.609957,HMP done in parent,0.08
27413,1700976501.729078,Starting forkall,73119.12
27426,1700976501.827607,Starting child,98.53
27426,1700976501.828221,Restored threads,0.61
