PID,Time,Event,Duration(ms)
15663,1700975426.135917,Starting forkall,0.00
15663,1700975426.235029,Starting parent,99.11
15663,1700975426.235807,Started wait for iothread lock,0.78
15663,1700975426.235877,Acquired iothread lock,0.07
15663,1700975426.235955,HMP done in parent,0.08
16260,1700975454.500149,Starting forkall,28264.19
16273,1700975454.600207,Starting child,100.06
16273,1700975454.602049,Restored threads,1.84
