PID,Time,Event,Duration(ms)
16432,1700975462.699507,Starting forkall,0.00
16432,1700975462.798421,Starting parent,98.91
16432,1700975462.799227,Started wait for iothread lock,0.81
16432,1700975462.799301,Acquired iothread lock,0.07
16432,1700975462.799368,HMP done in parent,0.07
16688,1700975474.876451,Starting forkall,12077.08
16701,1700975474.975930,Starting child,99.48
16701,1700975474.977029,Restored threads,1.10
