PID,Time,Event,Duration(ms)
15663,1700975426.135917,Starting forkall,0.00
15663,1700975426.235029,Starting parent,99.11
15663,1700975426.235807,Started wait for iothread lock,0.78
15663,1700975426.235877,Acquired iothread lock,0.07
15663,1700975426.235955,HMP done in parent,0.08
16088,1700975446.423153,Starting forkall,20187.20
16101,1700975446.525366,Starting child,102.21
16101,1700975446.526801,Restored threads,1.44
