PID,Time,Event,Duration(ms)
15663,1700975426.135917,Starting forkall,0.00
15663,1700975426.235029,Starting parent,99.11
15663,1700975426.235807,Started wait for iothread lock,0.78
15663,1700975426.235877,Acquired iothread lock,0.07
15663,1700975426.235955,HMP done in parent,0.08
15916,1700975438.343184,Starting forkall,12107.23
15929,1700975438.441746,Starting child,98.56
15929,1700975438.442192,Restored threads,0.45
