PID,Time,Event,Duration(ms)
25873,1700976428.510263,Starting forkall,0.00
25873,1700976428.609004,Starting parent,98.74
25873,1700976428.609777,Started wait for iothread lock,0.77
25873,1700976428.609880,Acquired iothread lock,0.10
25873,1700976428.609957,HMP done in parent,0.08
26904,1700976477.381360,Starting forkall,48771.40
26917,1700976477.480975,Starting child,99.61
26917,1700976477.483676,Restored threads,2.70
