PID,Time,Event,Duration(ms)
16432,1700975462.699507,Starting forkall,0.00
16432,1700975462.798421,Starting parent,98.91
16432,1700975462.799227,Started wait for iothread lock,0.81
16432,1700975462.799301,Acquired iothread lock,0.07
16432,1700975462.799368,HMP done in parent,0.07
17033,1700975491.208157,Starting forkall,28408.79
17046,1700975491.307987,Starting child,99.83
17046,1700975491.309564,Restored threads,1.58
