PID,Time,Event,Duration(ms)
16432,1700975462.699507,Starting forkall,0.00
16432,1700975462.798421,Starting parent,98.91
16432,1700975462.799227,Started wait for iothread lock,0.81
16432,1700975462.799301,Acquired iothread lock,0.07
16432,1700975462.799368,HMP done in parent,0.07
17204,1700975499.357256,Starting forkall,36557.89
17217,1700975499.457556,Starting child,100.30
17217,1700975499.459191,Restored threads,1.64
