PID,Time,Event,Duration(ms)
7507,1700622463.298306,Starting forkall,0.00
7507,1700622463.396833,Starting parent,98.53
7507,1700622463.397609,Started wait for iothread lock,0.78
7507,1700622463.397687,Acquired iothread lock,0.08
7507,1700622463.397755,HMP done in parent,0.07
7593,1700622467.231145,Starting forkall,3833.39
7606,1700622467.334149,Starting child,103.00
7606,1700622467.335075,Restored threads,0.93
