PID,Time,Event,Duration(ms)
16432,1700975462.699507,Starting forkall,0.00
16432,1700975462.798421,Starting parent,98.91
16432,1700975462.799227,Started wait for iothread lock,0.81
16432,1700975462.799301,Acquired iothread lock,0.07
16432,1700975462.799368,HMP done in parent,0.07
17457,1700975511.528658,Starting forkall,48729.29
17470,1700975511.628135,Starting child,99.48
17470,1700975511.629470,Restored threads,1.34
