PID,Time,Event,Duration(ms)
27636,1700976514.003253,Starting forkall,0.00
27636,1700976514.102047,Starting parent,98.79
27636,1700976514.102812,Started wait for iothread lock,0.77
27636,1700976514.102876,Acquired iothread lock,0.06
27636,1700976514.103073,HMP done in parent,0.20
28334,1700976550.716442,Starting forkall,36613.37
28347,1700976550.816122,Starting child,99.68
28347,1700976550.817087,Restored threads,0.96
