PID,Time,Event,Duration(ms)
27636,1700976514.003253,Starting forkall,0.00
27636,1700976514.102047,Starting parent,98.79
27636,1700976514.102812,Started wait for iothread lock,0.77
27636,1700976514.102876,Acquired iothread lock,0.06
27636,1700976514.103073,HMP done in parent,0.20
28168,1700976542.517349,Starting forkall,28414.28
28181,1700976542.617594,Starting child,100.24
28181,1700976542.618478,Restored threads,0.88
