PID,Time,Event,Duration(ms)
27636,1700976514.003253,Starting forkall,0.00
27636,1700976514.102047,Starting parent,98.79
27636,1700976514.102812,Started wait for iothread lock,0.77
27636,1700976514.102876,Acquired iothread lock,0.06
27636,1700976514.103073,HMP done in parent,0.20
27974,1700976530.368270,Starting forkall,16265.20
27987,1700976530.467591,Starting child,99.32
27987,1700976530.468417,Restored threads,0.83
