PID,Time,Event,Duration(ms)
16432,1700975462.699507,Starting forkall,0.00
16432,1700975462.798421,Starting parent,98.91
16432,1700975462.799227,Started wait for iothread lock,0.81
16432,1700975462.799301,Acquired iothread lock,0.07
16432,1700975462.799368,HMP done in parent,0.07
17376,1700975507.506459,Starting forkall,44707.09
17389,1700975507.606190,Starting child,99.73
17389,1700975507.607427,Restored threads,1.24
