PID,Time,Event,Duration(ms)
27636,1700976514.003253,Starting forkall,0.00
27636,1700976514.102047,Starting parent,98.79
27636,1700976514.102812,Started wait for iothread lock,0.77
27636,1700976514.102876,Acquired iothread lock,0.06
27636,1700976514.103073,HMP done in parent,0.20
28248,1700976546.888536,Starting forkall,32785.46
28261,1700976546.987414,Starting child,98.88
28261,1700976546.991079,Restored threads,3.67
