PID,Time,Event,Duration(ms)
16432,1700975462.699507,Starting forkall,0.00
16432,1700975462.798421,Starting parent,98.91
16432,1700975462.799227,Started wait for iothread lock,0.81
16432,1700975462.799301,Acquired iothread lock,0.07
16432,1700975462.799368,HMP done in parent,0.07
16947,1700975487.114279,Starting forkall,24314.91
16960,1700975487.213716,Starting child,99.44
16960,1700975487.216944,Restored threads,3.23
