PID,Time,Event,Duration(ms)
16432,1700975462.699507,Starting forkall,0.00
16432,1700975462.798421,Starting parent,98.91
16432,1700975462.799227,Started wait for iothread lock,0.81
16432,1700975462.799301,Acquired iothread lock,0.07
16432,1700975462.799368,HMP done in parent,0.07
17290,1700975503.387552,Starting forkall,40588.18
17303,1700975503.487597,Starting child,100.04
17303,1700975503.491397,Restored threads,3.80
