PID,Time,Event,Duration(ms)
552,1701140203.685408,Starting forkall,0.00
552,1701140203.787191,Starting parent,101.78
552,1701140203.787910,Started wait for iothread lock,0.72
552,1701140203.787931,Acquired iothread lock,0.02
552,1701140203.788020,HMP done in parent,0.09
654,1701140211.783319,Starting forkall,7995.30
667,1701140211.885113,Starting child,101.79
667,1701140211.886387,Restored threads,1.27
