PID,Time,Event,Duration(ms)
16432,1700975462.699507,Starting forkall,0.00
16432,1700975462.798421,Starting parent,98.91
16432,1700975462.799227,Started wait for iothread lock,0.81
16432,1700975462.799301,Acquired iothread lock,0.07
16432,1700975462.799368,HMP done in parent,0.07
16861,1700975483.017243,Starting forkall,20217.88
16874,1700975483.116865,Starting child,99.62
16874,1700975483.118852,Restored threads,1.99
