PID,Time,Event,Duration(ms)
16432,1700975462.699507,Starting forkall,0.00
16432,1700975462.798421,Starting parent,98.91
16432,1700975462.799227,Started wait for iothread lock,0.81
16432,1700975462.799301,Acquired iothread lock,0.07
16432,1700975462.799368,HMP done in parent,0.07
17118,1700975495.246558,Starting forkall,32447.19
17131,1700975495.345992,Starting child,99.43
17131,1700975495.347058,Restored threads,1.07
