PID,Time,Event,Duration(ms)
16432,1700975462.699507,Starting forkall,0.00
16432,1700975462.798421,Starting parent,98.91
16432,1700975462.799227,Started wait for iothread lock,0.81
16432,1700975462.799301,Acquired iothread lock,0.07
16432,1700975462.799368,HMP done in parent,0.07
17543,1700975515.736554,Starting forkall,52937.19
17556,1700975515.839204,Starting child,102.65
17556,1700975515.839919,Restored threads,0.72
