PID,Time,Event,Duration(ms)
14728,1700975381.198322,Starting forkall,0.00
14728,1700975381.297445,Starting parent,99.12
14728,1700975381.298191,Started wait for iothread lock,0.75
14728,1700975381.298265,Acquired iothread lock,0.07
14728,1700975381.298342,HMP done in parent,0.08
15319,1700975409.879465,Starting forkall,28581.12
15332,1700975409.983186,Starting child,103.72
15332,1700975409.984252,Restored threads,1.07
