PID,Time,Event,Duration(ms)
14728,1700975381.198322,Starting forkall,0.00
14728,1700975381.297445,Starting parent,99.12
14728,1700975381.298191,Started wait for iothread lock,0.75
14728,1700975381.298265,Acquired iothread lock,0.07
14728,1700975381.298342,HMP done in parent,0.08
15491,1700975417.970114,Starting forkall,36671.77
15504,1700975418.067780,Starting child,97.67
15504,1700975418.067995,Restored threads,0.22
