PID,Time,Event,Duration(ms)
25873,1700976428.510263,Starting forkall,0.00
25873,1700976428.609004,Starting parent,98.74
25873,1700976428.609777,Started wait for iothread lock,0.77
25873,1700976428.609880,Acquired iothread lock,0.10
25873,1700976428.609957,HMP done in parent,0.08
26473,1700976457.052282,Starting forkall,28442.33
26486,1700976457.150399,Starting child,98.12
26486,1700976457.151302,Restored threads,0.90
