PID,Time,Event,Duration(ms)
14728,1700975381.198322,Starting forkall,0.00
14728,1700975381.297445,Starting parent,99.12
14728,1700975381.298191,Started wait for iothread lock,0.75
14728,1700975381.298265,Acquired iothread lock,0.07
14728,1700975381.298342,HMP done in parent,0.08
15577,1700975422.722943,Starting forkall,41424.60
15591,1700975422.822094,Starting child,99.15
15591,1700975422.823436,Restored threads,1.34
