PID,Time,Event,Duration(ms)
15663,1700975426.135917,Starting forkall,0.00
15663,1700975426.235029,Starting parent,99.11
15663,1700975426.235807,Started wait for iothread lock,0.78
15663,1700975426.235877,Acquired iothread lock,0.07
15663,1700975426.235955,HMP done in parent,0.08
15747,1700975430.180204,Starting forkall,3944.25
15760,1700975430.279827,Starting child,99.62
15760,1700975430.281126,Restored threads,1.30
