PID,Time,Event,Duration(ms)
5891,1700622386.482295,Starting forkall,0.00
5891,1700622386.582521,Starting parent,100.23
5891,1700622386.583297,Started wait for iothread lock,0.78
5891,1700622386.583372,Acquired iothread lock,0.08
5891,1700622386.583437,HMP done in parent,0.06
5975,1700622390.508716,Starting forkall,3925.28
5988,1700622390.607870,Starting child,99.15
5988,1700622390.609087,Restored threads,1.22
