14533,HMP done recreating threads CHILD,1700251693.488294
14533,HMP Done loading the VM CHILD,1700251693.606013
