pid,name,time
14176,HMP starting the forkall,1700251691.057020
14176,HMP done in parent,1700251691.163995
