Pid,Time,Event
38047,1701416711.779040,HMP starting the forkall
38047,1701416711.779047,Starting forkall
38072,1701416711.878476,Starting child
38072,1701416711.878920,Restored threads
