Pid,Time,Event
1107,1700976803.597957,HMP starting the forkall
1107,1700976803.597999,Starting forkall
1120,1700976803.697622,Starting child
1120,1700976803.706454,Restored threads
