Pid,Time,Event
20928,1700975670.400625,HMP starting the forkall
20928,1700975670.400665,Starting forkall
20928,1700975670.499482,Starting parent
20928,1700975670.500251,Started wait for iothread lock
20928,1700975670.500331,Acquired iothread lock
20928,1700975670.500778,HMP done in parent
