Pid,Time,Event
18812,1701123347.221758,HMP starting the forkall
18812,1701123347.221809,Starting forkall
18812,1701123347.323573,Starting parent
18812,1701123347.324235,Started wait for iothread lock
18812,1701123347.324253,Acquired iothread lock
18812,1701123347.324334,HMP done in parent
