Pid,Time,Event
1019469,1702070667.597932,HMP starting the forkall
1019469,1702070667.597944,Starting forkall
1019469,1702070667.691721,Starting parent
1019469,1702070667.692176,Started wait for iothread lock
1019469,1702070667.692191,Acquired iothread lock
1019469,1702070667.692225,HMP done in parent
