Pid,Time,Event
308265,1701716429.068294,HMP starting the forkall
308265,1701716429.068300,Starting forkall
308265,1701716429.168122,Starting parent
308265,1701716429.168791,Started wait for iothread lock
308265,1701716429.168807,Acquired iothread lock
308265,1701716429.168857,HMP done in parent
