Pid,Time,Event
935,1700976795.415157,HMP starting the forkall
935,1700976795.415275,Starting forkall
935,1700976795.514472,Starting parent
935,1700976795.515293,Started wait for iothread lock
935,1700976795.515393,Acquired iothread lock
935,1700976795.515474,HMP done in parent
