Pid,Time,Event
983423,1702068546.632864,HMP starting the forkall
983423,1702068546.632867,Starting forkall
983423,1702068546.745063,Starting parent
983423,1702068546.745095,Started wait for iothread lock
983423,1702068546.745107,Acquired iothread lock
983423,1702068546.745139,HMP done in parent
