Pid,Time,Event
1514,1700973600.198935,HMP starting the forkall
1514,1700973600.199094,Starting forkall
1514,1700973600.298917,Starting parent
1514,1700973600.299569,Started wait for iothread lock
1514,1700973600.299627,Acquired iothread lock
1514,1700973600.299677,HMP done in parent
