Pid,Time,Event
15658,1700501221.012326,HMP starting the forkall
15658,1700501221.012377,Starting forkall
15658,1700501221.114802,Starting parent
15658,1700501221.115437,Started wait for iothread lock
15658,1700501221.115454,Acquired iothread lock
15658,1700501221.115894,HMP done in parent
