Pid,Time,Event
1563,1700598725.556657,HMP starting the forkall
1563,1700598725.556701,Starting forkall
1563,1700598725.658391,Starting parent
1563,1700598725.659022,Started wait for iothread lock
1563,1700598725.659042,Acquired iothread lock
1563,1700598725.659216,HMP done in parent
