Pid,Time,Event
53163,1701420837.831026,HMP starting the forkall
53163,1701420837.831034,Starting forkall
53194,1701420837.929455,Starting child
53194,1701420837.929911,Restored threads
