Pid,Time,Event
22695,1701132108.758716,HMP starting the forkall
22695,1701132108.758810,Starting forkall
22695,1701132108.860278,Starting parent
22695,1701132108.860944,Started wait for iothread lock
22695,1701132108.860962,Acquired iothread lock
22695,1701132108.861001,HMP done in parent
