Pid,Time,Event
12815,1700622717.471341,HMP starting the forkall
12815,1700622717.471364,Starting forkall
12815,1700622717.571981,Starting parent
12815,1700622717.572752,Started wait for iothread lock
12815,1700622717.572804,Acquired iothread lock
12815,1700622717.572865,HMP done in parent
