Pid,Time,Event
23261,1700767156.229830,HMP starting the forkall
23261,1700767156.229880,Starting forkall
23261,1700767156.328736,Starting parent
23261,1700767156.329550,Started wait for iothread lock
23261,1700767156.329633,Acquired iothread lock
23261,1700767156.329743,HMP done in parent
