Pid,Time,Event
32758,1700504211.659762,HMP starting the forkall
32758,1700504211.660039,Starting forkall
32758,1700504211.761513,Starting parent
32758,1700504211.762083,Started wait for iothread lock
32758,1700504211.762100,Acquired iothread lock
32758,1700504211.762277,HMP done in parent
