Pid,Time,Event
26691,1700503628.897138,HMP starting the forkall
26691,1700503628.897189,Starting forkall
26691,1700503628.999380,Starting parent
26691,1700503628.999939,Started wait for iothread lock
26691,1700503628.999957,Acquired iothread lock
26691,1700503629.000025,HMP done in parent
