Pid,Time,Event
7589,1701392854.683817,HMP starting the forkall
7589,1701392854.683822,Starting forkall
7589,1701392854.790931,Starting parent
7589,1701392854.790970,Started wait for iothread lock
7589,1701392854.791597,Acquired iothread lock
7589,1701392854.791619,HMP done in parent
