Pid,Time,Event
17986,1700597606.541673,HMP starting the forkall
17986,1700597606.541718,Starting forkall
17986,1700597606.644151,Starting parent
17986,1700597606.644762,Started wait for iothread lock
17986,1700597606.644783,Acquired iothread lock
17986,1700597606.644840,HMP done in parent
