Pid,Time,Event
10520,1701137631.281599,HMP starting the forkall
10520,1701137631.281832,Starting forkall
10520,1701137631.381892,Starting parent
10520,1701137631.382366,Started wait for iothread lock
10520,1701137631.382379,Acquired iothread lock
10520,1701137631.382415,HMP done in parent
