PID,Time,Event,Duration(ms)
25873,1700976428.510263,Starting forkall,0.00
25873,1700976428.609004,Starting parent,98.74
25873,1700976428.609777,Started wait for iothread lock,0.77
25873,1700976428.609880,Acquired iothread lock,0.10
25873,1700976428.609957,HMP done in parent,0.08
27155,1700976489.555707,Starting forkall,60945.75
27168,1700976489.656938,Starting child,101.23
27168,1700976489.657988,Restored threads,1.05
