PID,Time,Event,Duration(ms)
25873,1700976428.510263,Starting forkall,0.00
25873,1700976428.609004,Starting parent,98.74
25873,1700976428.609777,Started wait for iothread lock,0.77
25873,1700976428.609880,Acquired iothread lock,0.10
25873,1700976428.609957,HMP done in parent,0.08
26990,1700976481.392655,Starting forkall,52782.70
27003,1700976481.491713,Starting child,99.06
27003,1700976481.493146,Restored threads,1.43
