PID,Time,Event,Duration(ms)
25873,1700976428.510263,Starting forkall,0.00
25873,1700976428.609004,Starting parent,98.74
25873,1700976428.609777,Started wait for iothread lock,0.77
25873,1700976428.609880,Acquired iothread lock,0.10
25873,1700976428.609957,HMP done in parent,0.08
27327,1700976497.648838,Starting forkall,69038.88
27340,1700976497.748649,Starting child,99.81
27340,1700976497.749554,Restored threads,0.91
