PID,Time,Event,Duration(ms)
27636,1700976514.003253,Starting forkall,0.00
27636,1700976514.102047,Starting parent,98.79
27636,1700976514.102812,Started wait for iothread lock,0.77
27636,1700976514.102876,Acquired iothread lock,0.06
27636,1700976514.103073,HMP done in parent,0.20
27804,1700976522.169018,Starting forkall,8065.95
27817,1700976522.268701,Starting child,99.68
27817,1700976522.270013,Restored threads,1.31
