PID,Time,Event,Duration(ms)
27636,1700976514.003253,Starting forkall,0.00
27636,1700976514.102047,Starting parent,98.79
27636,1700976514.102812,Started wait for iothread lock,0.77
27636,1700976514.102876,Acquired iothread lock,0.06
27636,1700976514.103073,HMP done in parent,0.20
27888,1700976526.196436,Starting forkall,12093.36
27901,1700976526.296390,Starting child,99.95
27901,1700976526.297758,Restored threads,1.37
