PID,Time,Event,Duration(ms)
25873,1700976428.510263,Starting forkall,0.00
25873,1700976428.609004,Starting parent,98.74
25873,1700976428.609777,Started wait for iothread lock,0.77
25873,1700976428.609880,Acquired iothread lock,0.10
25873,1700976428.609957,HMP done in parent,0.08
26301,1700976448.878155,Starting forkall,20268.20
26314,1700976448.977455,Starting child,99.30
26314,1700976448.978873,Restored threads,1.42
