PID,Time,Event,Duration(ms)
27636,1700976514.003253,Starting forkall,0.00
27636,1700976514.102047,Starting parent,98.79
27636,1700976514.102812,Started wait for iothread lock,0.77
27636,1700976514.102876,Acquired iothread lock,0.06
27636,1700976514.103073,HMP done in parent,0.20
28506,1700976558.882805,Starting forkall,44779.73
28519,1700976558.982228,Starting child,99.42
28519,1700976558.984149,Restored threads,1.92
