PID,Time,Event,Duration(ms)
25873,1700976428.510263,Starting forkall,0.00
25873,1700976428.609004,Starting parent,98.74
25873,1700976428.609777,Started wait for iothread lock,0.77
25873,1700976428.609880,Acquired iothread lock,0.10
25873,1700976428.609957,HMP done in parent,0.08
26387,1700976452.833089,Starting forkall,24223.13
26400,1700976452.936046,Starting child,102.96
26400,1700976452.937951,Restored threads,1.91
