PID,Time,Event,Duration(ms)
25873,1700976428.510263,Starting forkall,0.00
25873,1700976428.609004,Starting parent,98.74
25873,1700976428.609777,Started wait for iothread lock,0.77
25873,1700976428.609880,Acquired iothread lock,0.10
25873,1700976428.609957,HMP done in parent,0.08
26646,1700976465.084773,Starting forkall,36474.82
26659,1700976465.184132,Starting child,99.36
26659,1700976465.185375,Restored threads,1.24
