PID,Time,Event,Duration(ms)
25873,1700976428.510263,Starting forkall,0.00
25873,1700976428.609004,Starting parent,98.74
25873,1700976428.609777,Started wait for iothread lock,0.77
25873,1700976428.609880,Acquired iothread lock,0.10
25873,1700976428.609957,HMP done in parent,0.08
26818,1700976473.217600,Starting forkall,44607.64
26831,1700976473.316951,Starting child,99.35
26831,1700976473.318600,Restored threads,1.65
