PID,Time,Event,Duration(ms)
18332,1701135692.938580,Starting forkall,0.00
18332,1701135693.045951,Starting parent,107.37
18332,1701135693.046656,Started wait for iothread lock,0.71
18332,1701135693.046676,Acquired iothread lock,0.02
18332,1701135693.046761,HMP done in parent,0.09
19493,1701135733.651759,Starting forkall,40605.00
19507,1701135733.758217,Starting child,106.46
19507,1701135733.758896,Restored threads,0.68
