PID,Time,Event,Duration(ms)
24855,1700976379.522763,Starting forkall,0.00
24855,1700976379.621699,Starting parent,98.94
24855,1700976379.629716,Started wait for iothread lock,8.02
24855,1700976379.629812,Acquired iothread lock,0.10
24855,1700976379.629879,HMP done in parent,0.07
25106,1700976391.808149,Starting forkall,12178.27
25119,1700976391.907652,Starting child,99.50
25119,1700976391.909083,Restored threads,1.43
