PID,Time,Event,Duration(ms)
24002,1700976338.701320,Starting forkall,0.00
24002,1700976338.798353,Starting parent,97.03
24002,1700976338.798579,Started wait for iothread lock,0.23
24002,1700976338.798596,Acquired iothread lock,0.02
24002,1700976338.798621,HMP done in parent,0.03
24597,1700976367.276390,Starting forkall,28477.77
24610,1700976367.376193,Starting child,99.80
24610,1700976367.384249,Restored threads,8.06
