PID,Time,Event,Duration(ms)
24855,1700976379.522763,Starting forkall,0.00
24855,1700976379.621699,Starting parent,98.94
24855,1700976379.629716,Started wait for iothread lock,8.02
24855,1700976379.629812,Acquired iothread lock,0.10
24855,1700976379.629879,HMP done in parent,0.07
24939,1700976383.642868,Starting forkall,4012.99
24952,1700976383.741800,Starting child,98.93
24952,1700976383.742453,Restored threads,0.65
