PID,Time,Event,Duration(ms)
24855,1700976379.522763,Starting forkall,0.00
24855,1700976379.621699,Starting parent,98.94
24855,1700976379.629716,Started wait for iothread lock,8.02
24855,1700976379.629812,Acquired iothread lock,0.10
24855,1700976379.629879,HMP done in parent,0.07
25020,1700976387.663594,Starting forkall,8033.72
25033,1700976387.763209,Starting child,99.62
25033,1700976387.764412,Restored threads,1.20
