PID,Time,Event,Duration(ms)
24855,1700976379.522763,Starting forkall,0.00
24855,1700976379.621699,Starting parent,98.94
24855,1700976379.629716,Started wait for iothread lock,8.02
24855,1700976379.629812,Acquired iothread lock,0.10
24855,1700976379.629879,HMP done in parent,0.07
25787,1700976424.413628,Starting forkall,44783.75
25800,1700976424.513134,Starting child,99.51
25800,1700976424.514592,Restored threads,1.46
