PID,Time,Event,Duration(ms)
1516,1701130792.096428,Starting forkall,0.00
1516,1701130792.196988,Starting parent,100.56
1516,1701130792.197135,Started wait for iothread lock,0.15
1516,1701130792.197139,Acquired iothread lock,0.00
1516,1701130792.197156,HMP done in parent,0.02
3412,1701130843.309470,Starting forkall,51112.31
3444,1701130843.412163,Starting child,102.69
3444,1701130843.413282,Restored threads,1.12
