PID,Time,Event,Duration(ms)
24002,1700976338.701320,Starting forkall,0.00
24002,1700976338.798353,Starting parent,97.03
24002,1700976338.798579,Started wait for iothread lock,0.23
24002,1700976338.798596,Acquired iothread lock,0.02
24002,1700976338.798621,HMP done in parent,0.03
24086,1700976342.811863,Starting forkall,4013.24
24099,1700976342.911429,Starting child,99.57
24099,1700976342.912420,Restored threads,0.99
