PID,Time,Event,Duration(ms)
24002,1700976338.701320,Starting forkall,0.00
24002,1700976338.798353,Starting parent,97.03
24002,1700976338.798579,Started wait for iothread lock,0.23
24002,1700976338.798596,Acquired iothread lock,0.02
24002,1700976338.798621,HMP done in parent,0.03
24172,1700976347.033795,Starting forkall,8235.17
24185,1700976347.133374,Starting child,99.58
24185,1700976347.135876,Restored threads,2.50
