PID,Time,Event,Duration(ms)
20928,1700975670.400665,Starting forkall,0.00
20928,1700975670.499482,Starting parent,98.82
20928,1700975670.500251,Started wait for iothread lock,0.77
20928,1700975670.500331,Acquired iothread lock,0.08
20928,1700975670.500778,HMP done in parent,0.45
21270,1700975686.666146,Starting forkall,16165.37
21283,1700975686.765931,Starting child,99.78
21283,1700975686.767631,Restored threads,1.70
