PID,Time,Event,Duration(ms)
20928,1700975670.400665,Starting forkall,0.00
20928,1700975670.499482,Starting parent,98.82
20928,1700975670.500251,Started wait for iothread lock,0.77
20928,1700975670.500331,Acquired iothread lock,0.08
20928,1700975670.500778,HMP done in parent,0.45
21613,1700975702.966446,Starting forkall,32465.67
21626,1700975703.064929,Starting child,98.48
21626,1700975703.067345,Restored threads,2.42
