PID,Time,Event,Duration(ms)
20928,1700975670.400665,Starting forkall,0.00
20928,1700975670.499482,Starting parent,98.82
20928,1700975670.500251,Started wait for iothread lock,0.77
20928,1700975670.500331,Acquired iothread lock,0.08
20928,1700975670.500778,HMP done in parent,0.45
21699,1700975707.011330,Starting forkall,36510.55
21712,1700975707.110966,Starting child,99.64
21712,1700975707.112557,Restored threads,1.59
