PID,Time,Event,Duration(ms)
29787,1700976620.038640,Starting forkall,0.00
29787,1700976620.137599,Starting parent,98.96
29787,1700976620.138374,Started wait for iothread lock,0.78
29787,1700976620.138462,Acquired iothread lock,0.09
29787,1700976620.138541,HMP done in parent,0.08
31099,1700976685.199834,Starting forkall,65061.29
31112,1700976685.300396,Starting child,100.56
31112,1700976685.301757,Restored threads,1.36
