PID,Time,Event,Duration(ms)
11151,1700622636.858539,Starting forkall,0.00
11151,1700622636.957032,Starting parent,98.49
11151,1700622636.957801,Started wait for iothread lock,0.77
11151,1700622636.957851,Acquired iothread lock,0.05
11151,1700622636.957917,HMP done in parent,0.07
11237,1700622640.883308,Starting forkall,3925.39
11250,1700622640.983908,Starting child,100.60
11250,1700622640.984793,Restored threads,0.89
