PID,Time,Event,Duration(ms)
20928,1700975670.400665,Starting forkall,0.00
20928,1700975670.499482,Starting parent,98.82
20928,1700975670.500251,Started wait for iothread lock,0.77
20928,1700975670.500331,Acquired iothread lock,0.08
20928,1700975670.500778,HMP done in parent,0.45
21785,1700975711.213985,Starting forkall,40713.21
21798,1700975711.313348,Starting child,99.36
21798,1700975711.314893,Restored threads,1.54
