PID,Time,Event,Duration(ms)
20928,1700975670.400665,Starting forkall,0.00
20928,1700975670.499482,Starting parent,98.82
20928,1700975670.500251,Started wait for iothread lock,0.77
20928,1700975670.500331,Acquired iothread lock,0.08
20928,1700975670.500778,HMP done in parent,0.45
21871,1700975715.310883,Starting forkall,44810.11
21884,1700975715.413718,Starting child,102.83
21884,1700975715.415368,Restored threads,1.65
