PID,Time,Event,Duration(ms)
20928,1700975670.400665,Starting forkall,0.00
20928,1700975670.499482,Starting parent,98.82
20928,1700975670.500251,Started wait for iothread lock,0.77
20928,1700975670.500331,Acquired iothread lock,0.08
20928,1700975670.500778,HMP done in parent,0.45
21442,1700975694.833125,Starting forkall,24332.35
21455,1700975694.931282,Starting child,98.16
21455,1700975694.931902,Restored threads,0.62
