PID,Time,Event,Duration(ms)
20247,1700975637.853209,Starting forkall,0.00
20247,1700975637.952686,Starting parent,99.48
20247,1700975637.953490,Started wait for iothread lock,0.80
20247,1700975637.953559,Acquired iothread lock,0.07
20247,1700975637.953605,HMP done in parent,0.05
20416,1700975645.986545,Starting forkall,8032.94
20429,1700975646.086234,Starting child,99.69
20429,1700975646.087570,Restored threads,1.34
