PID,Time,Event,Duration(ms)
32451,1700976750.419198,Starting forkall,0.00
32451,1700976750.516848,Starting parent,97.65
32451,1700976750.517038,Started wait for iothread lock,0.19
32451,1700976750.517057,Acquired iothread lock,0.02
32451,1700976750.517075,HMP done in parent,0.02
711,1700976787.257673,Starting forkall,36740.60
724,1700976787.357231,Starting child,99.56
724,1700976787.358826,Restored threads,1.60
