PID,Time,Event,Duration(ms)
20928,1700975670.400665,Starting forkall,0.00
20928,1700975670.499482,Starting parent,98.82
20928,1700975670.500251,Started wait for iothread lock,0.77
20928,1700975670.500331,Acquired iothread lock,0.08
20928,1700975670.500778,HMP done in parent,0.45
22637,1700975751.868757,Starting forkall,81367.98
22650,1700975751.969403,Starting child,100.65
22650,1700975751.970470,Restored threads,1.07
