PID,Time,Event,Duration(ms)
20247,1700975637.853209,Starting forkall,0.00
20247,1700975637.952686,Starting parent,99.48
20247,1700975637.953490,Started wait for iothread lock,0.80
20247,1700975637.953559,Acquired iothread lock,0.07
20247,1700975637.953605,HMP done in parent,0.05
20502,1700975650.008005,Starting forkall,12054.40
20515,1700975650.108130,Starting child,100.13
20515,1700975650.109797,Restored threads,1.67
