PID,Time,Event,Duration(ms)
20928,1700975670.400665,Starting forkall,0.00
20928,1700975670.499482,Starting parent,98.82
20928,1700975670.500251,Started wait for iothread lock,0.77
20928,1700975670.500331,Acquired iothread lock,0.08
20928,1700975670.500778,HMP done in parent,0.45
22123,1700975727.437507,Starting forkall,56936.73
22136,1700975727.537655,Starting child,100.15
22136,1700975727.538777,Restored threads,1.12
