PID,Time,Event,Duration(ms)
20928,1700975670.400665,Starting forkall,0.00
20928,1700975670.499482,Starting parent,98.82
20928,1700975670.500251,Started wait for iothread lock,0.77
20928,1700975670.500331,Acquired iothread lock,0.08
20928,1700975670.500778,HMP done in parent,0.45
22209,1700975731.526670,Starting forkall,61025.89
22222,1700975731.625835,Starting child,99.16
22222,1700975731.626685,Restored threads,0.85
