PID,Time,Event,Duration(ms)
14673,1700766702.170438,Starting forkall,0.00
14673,1700766702.268744,Starting parent,98.31
14673,1700766702.269596,Started wait for iothread lock,0.85
14673,1700766702.269677,Acquired iothread lock,0.08
14673,1700766702.269731,HMP done in parent,0.05
14760,1700766706.045423,Starting forkall,3775.69
14773,1700766706.144325,Starting child,98.90
14773,1700766706.145428,Restored threads,1.10
