PID,Time,Event,Duration(ms)
32451,1700976750.419198,Starting forkall,0.00
32451,1700976750.516848,Starting parent,97.65
32451,1700976750.517038,Started wait for iothread lock,0.19
32451,1700976750.517057,Acquired iothread lock,0.02
32451,1700976750.517075,HMP done in parent,0.02
615,1700976783.122078,Starting forkall,32605.00
633,1700976783.221269,Starting child,99.19
633,1700976783.222401,Restored threads,1.13
