PID,Time,Event,Duration(ms)
11871,1700622673.118494,Starting forkall,0.00
11871,1700622673.217818,Starting parent,99.32
11871,1700622673.218842,Started wait for iothread lock,1.02
11871,1700622673.218928,Acquired iothread lock,0.09
11871,1700622673.219037,HMP done in parent,0.11
11958,1700622677.118295,Starting forkall,3899.26
11971,1700622677.218046,Starting child,99.75
11971,1700622677.219241,Restored threads,1.19
