PID,Time,Event,Duration(ms)
20928,1700975670.400665,Starting forkall,0.00
20928,1700975670.499482,Starting parent,98.82
20928,1700975670.500251,Started wait for iothread lock,0.77
20928,1700975670.500331,Acquired iothread lock,0.08
20928,1700975670.500778,HMP done in parent,0.45
22037,1700975723.343255,Starting forkall,52842.48
22050,1700975723.447012,Starting child,103.76
22050,1700975723.448351,Restored threads,1.34
