PID,Time,Event,Duration(ms)
20928,1700975670.400665,Starting forkall,0.00
20928,1700975670.499482,Starting parent,98.82
20928,1700975670.500251,Started wait for iothread lock,0.77
20928,1700975670.500331,Acquired iothread lock,0.08
20928,1700975670.500778,HMP done in parent,0.45
22293,1700975735.603512,Starting forkall,65102.73
22306,1700975735.703340,Starting child,99.83
22306,1700975735.704789,Restored threads,1.45
