PID,Time,Event,Duration(ms)
12214,1700622689.252423,Starting forkall,0.00
12214,1700622689.350672,Starting parent,98.25
12214,1700622689.351464,Started wait for iothread lock,0.79
12214,1700622689.351540,Acquired iothread lock,0.08
12214,1700622689.351645,HMP done in parent,0.10
12300,1700622693.368206,Starting forkall,4016.56
12313,1700622693.468291,Starting child,100.09
12313,1700622693.469434,Restored threads,1.14
