PID,Time,Event,Duration(ms)
20928,1700975670.400665,Starting forkall,0.00
20928,1700975670.499482,Starting parent,98.82
20928,1700975670.500251,Started wait for iothread lock,0.77
20928,1700975670.500331,Acquired iothread lock,0.08
20928,1700975670.500778,HMP done in parent,0.45
22723,1700975755.990423,Starting forkall,85489.65
22736,1700975756.090236,Starting child,99.81
22736,1700975756.091448,Restored threads,1.21
