PID,Time,Event,Duration(ms)
14501,1700766693.985137,Starting forkall,0.00
14501,1700766694.083760,Starting parent,98.62
14501,1700766694.084581,Started wait for iothread lock,0.82
14501,1700766694.084661,Acquired iothread lock,0.08
14501,1700766694.084716,HMP done in parent,0.06
14587,1700766698.009788,Starting forkall,3925.07
14600,1700766698.113161,Starting child,103.37
14600,1700766698.114390,Restored threads,1.23
