PID,Time,Event,Duration(ms)
20247,1700975637.853209,Starting forkall,0.00
20247,1700975637.952686,Starting parent,99.48
20247,1700975637.953490,Started wait for iothread lock,0.80
20247,1700975637.953559,Acquired iothread lock,0.07
20247,1700975637.953605,HMP done in parent,0.05
20588,1700975654.169576,Starting forkall,16215.97
20601,1700975654.267323,Starting child,97.75
20601,1700975654.268262,Restored threads,0.94
