PID,Time,Event,Duration(ms)
20928,1700975670.400665,Starting forkall,0.00
20928,1700975670.499482,Starting parent,98.82
20928,1700975670.500251,Started wait for iothread lock,0.77
20928,1700975670.500331,Acquired iothread lock,0.08
20928,1700975670.500778,HMP done in parent,0.45
22895,1700975764.165001,Starting forkall,93664.22
22908,1700975764.264592,Starting child,99.59
22908,1700975764.266263,Restored threads,1.67
