PID,Time,Event,Duration(ms)
29787,1700976620.038640,Starting forkall,0.00
29787,1700976620.137599,Starting parent,98.96
29787,1700976620.138374,Started wait for iothread lock,0.78
29787,1700976620.138462,Acquired iothread lock,0.09
29787,1700976620.138541,HMP done in parent,0.08
31442,1700976701.573332,Starting forkall,81434.79
31455,1700976701.672991,Starting child,99.66
31455,1700976701.674125,Restored threads,1.13
