PID,Time,Event,Duration(ms)
20758,1700975662.234806,Starting forkall,0.00
20758,1700975662.333580,Starting parent,98.77
20758,1700975662.334312,Started wait for iothread lock,0.73
20758,1700975662.334390,Acquired iothread lock,0.08
20758,1700975662.334425,HMP done in parent,0.04
20842,1700975666.323262,Starting forkall,3988.84
20855,1700975666.422843,Starting child,99.58
20855,1700975666.424152,Restored threads,1.31
