PID,Time,Event,Duration(ms)
29787,1700976620.038640,Starting forkall,0.00
29787,1700976620.137599,Starting parent,98.96
29787,1700976620.138374,Started wait for iothread lock,0.78
29787,1700976620.138462,Acquired iothread lock,0.09
29787,1700976620.138541,HMP done in parent,0.08
31528,1700976705.662284,Starting forkall,85523.74
31541,1700976705.761789,Starting child,99.51
31541,1700976705.763121,Restored threads,1.33
