PID,Time,Event,Duration(ms)
29787,1700976620.038640,Starting forkall,0.00
29787,1700976620.137599,Starting parent,98.96
29787,1700976620.138374,Started wait for iothread lock,0.78
29787,1700976620.138462,Acquired iothread lock,0.09
29787,1700976620.138541,HMP done in parent,0.08
31608,1700976709.664802,Starting forkall,89526.26
31621,1700976709.764054,Starting child,99.25
31621,1700976709.765077,Restored threads,1.02
