PID,Time,Event,Duration(ms)
32451,1700976750.419198,Starting forkall,0.00
32451,1700976750.516848,Starting parent,97.65
32451,1700976750.517038,Started wait for iothread lock,0.19
32451,1700976750.517057,Acquired iothread lock,0.02
32451,1700976750.517075,HMP done in parent,0.02
32560,1700976758.774416,Starting forkall,8257.34
32573,1700976758.873903,Starting child,99.49
32573,1700976758.876098,Restored threads,2.19
