PID,Time,Event,Duration(ms)
29787,1700976620.038640,Starting forkall,0.00
29787,1700976620.137599,Starting parent,98.96
29787,1700976620.138374,Started wait for iothread lock,0.78
29787,1700976620.138462,Acquired iothread lock,0.09
29787,1700976620.138541,HMP done in parent,0.08
31941,1700976725.988053,Starting forkall,105849.51
31954,1700976726.087317,Starting child,99.26
31954,1700976726.089060,Restored threads,1.74
