PID,Time,Event,Duration(ms)
32111,1700976734.170681,Starting forkall,0.00
32111,1700976734.269500,Starting parent,98.82
32111,1700976734.270239,Started wait for iothread lock,0.74
32111,1700976734.270310,Acquired iothread lock,0.07
32111,1700976734.270370,HMP done in parent,0.06
32195,1700976738.184102,Starting forkall,3913.73
32208,1700976738.282573,Starting child,98.47
32208,1700976738.283000,Restored threads,0.43
