PID,Time,Event,Duration(ms)
32111,1700976734.170681,Starting forkall,0.00
32111,1700976734.269500,Starting parent,98.82
32111,1700976734.270239,Started wait for iothread lock,0.74
32111,1700976734.270310,Acquired iothread lock,0.07
32111,1700976734.270370,HMP done in parent,0.06
32367,1700976746.349998,Starting forkall,12079.63
32380,1700976746.449064,Starting child,99.07
32380,1700976746.449926,Restored threads,0.86
