PID,Time,Event,Duration(ms)
935,1700976795.415275,Starting forkall,0.00
935,1700976795.514472,Starting parent,99.20
935,1700976795.515293,Started wait for iothread lock,0.82
935,1700976795.515393,Acquired iothread lock,0.10
935,1700976795.515474,HMP done in parent,0.08
1019,1700976799.495366,Starting forkall,3979.89
1032,1700976799.599459,Starting child,104.09
1032,1700976799.601081,Restored threads,1.62
