PID,Time,Event,Duration(ms)
29787,1700976620.038640,Starting forkall,0.00
29787,1700976620.137599,Starting parent,98.96
29787,1700976620.138374,Started wait for iothread lock,0.78
29787,1700976620.138462,Acquired iothread lock,0.09
29787,1700976620.138541,HMP done in parent,0.08
31270,1700976693.358245,Starting forkall,73219.70
31283,1700976693.454899,Starting child,96.65
31283,1700976693.455178,Restored threads,0.28
