PID,Time,Event,Duration(ms)
29787,1700976620.038640,Starting forkall,0.00
29787,1700976620.137599,Starting parent,98.96
29787,1700976620.138374,Started wait for iothread lock,0.78
29787,1700976620.138462,Acquired iothread lock,0.09
29787,1700976620.138541,HMP done in parent,0.08
31356,1700976697.495857,Starting forkall,77357.32
31369,1700976697.595163,Starting child,99.31
31369,1700976697.597085,Restored threads,1.92
