PID,Time,Event,Duration(ms)
27636,1700976514.003253,Starting forkall,0.00
27636,1700976514.102047,Starting parent,98.79
27636,1700976514.102812,Started wait for iothread lock,0.77
27636,1700976514.102876,Acquired iothread lock,0.06
27636,1700976514.103073,HMP done in parent,0.20
28592,1700976562.926701,Starting forkall,48823.63
28605,1700976563.026253,Starting child,99.55
28605,1700976563.028197,Restored threads,1.94
