PID,Time,Event,Duration(ms)
29787,1700976620.038640,Starting forkall,0.00
29787,1700976620.137599,Starting parent,98.96
29787,1700976620.138374,Started wait for iothread lock,0.78
29787,1700976620.138462,Acquired iothread lock,0.09
29787,1700976620.138541,HMP done in parent,0.08
29841,1700976624.079338,Starting forkall,3940.80
29854,1700976624.180380,Starting child,101.04
29854,1700976624.181341,Restored threads,0.96
