PID,Time,Event,Duration(ms)
29101,1700976587.399681,Starting forkall,0.00
29101,1700976587.498767,Starting parent,99.09
29101,1700976587.499633,Started wait for iothread lock,0.87
29101,1700976587.499778,Acquired iothread lock,0.14
29101,1700976587.499823,HMP done in parent,0.05
29357,1700976599.604036,Starting forkall,12104.21
29370,1700976599.707064,Starting child,103.03
29370,1700976599.708030,Restored threads,0.97
