PID,Time,Event,Duration(ms)
18082,1700975544.203926,Starting forkall,0.00
18082,1700975544.302397,Starting parent,98.47
18082,1700975544.303257,Started wait for iothread lock,0.86
18082,1700975544.303322,Acquired iothread lock,0.07
18082,1700975544.303417,HMP done in parent,0.09
19251,1700975588.946700,Starting forkall,44643.28
19264,1700975589.046404,Starting child,99.70
19264,1700975589.047999,Restored threads,1.60
