PID,Time,Event,Duration(ms)
18082,1700975544.203926,Starting forkall,0.00
18082,1700975544.302397,Starting parent,98.47
18082,1700975544.303257,Started wait for iothread lock,0.86
18082,1700975544.303322,Acquired iothread lock,0.07
18082,1700975544.303417,HMP done in parent,0.09
18770,1700975576.834070,Starting forkall,32530.65
18798,1700975576.931543,Starting child,97.47
18798,1700975576.931899,Restored threads,0.36
