PID,Time,Event,Duration(ms)
21781,1700767083.599006,Starting forkall,0.00
21781,1700767083.697712,Starting parent,98.71
21781,1700767083.698536,Started wait for iothread lock,0.82
21781,1700767083.698613,Acquired iothread lock,0.08
21781,1700767083.698781,HMP done in parent,0.17
21868,1700767087.590541,Starting forkall,3891.76
21881,1700767087.690582,Starting child,100.04
21881,1700767087.691831,Restored threads,1.25
