PID,Time,Event,Duration(ms)
18082,1700975544.203926,Starting forkall,0.00
18082,1700975544.302397,Starting parent,98.47
18082,1700975544.303257,Started wait for iothread lock,0.86
18082,1700975544.303322,Acquired iothread lock,0.07
18082,1700975544.303417,HMP done in parent,0.09
18682,1700975572.548458,Starting forkall,28245.04
18695,1700975572.647920,Starting child,99.46
18695,1700975572.649029,Restored threads,1.11
