PID,Time,Event,Duration(ms)
29101,1700976587.399681,Starting forkall,0.00
29101,1700976587.498767,Starting parent,99.09
29101,1700976587.499633,Started wait for iothread lock,0.87
29101,1700976587.499778,Acquired iothread lock,0.14
29101,1700976587.499823,HMP done in parent,0.05
29443,1700976603.681844,Starting forkall,16182.02
29456,1700976603.779155,Starting child,97.31
29456,1700976603.779312,Restored threads,0.16
