PID,Time,Event,Duration(ms)
18082,1700975544.203926,Starting forkall,0.00
18082,1700975544.302397,Starting parent,98.47
18082,1700975544.303257,Started wait for iothread lock,0.86
18082,1700975544.303322,Acquired iothread lock,0.07
18082,1700975544.303417,HMP done in parent,0.09
19337,1700975592.940997,Starting forkall,48637.58
19350,1700975593.044405,Starting child,103.41
19350,1700975593.045766,Restored threads,1.36
