PID,Time,Event,Duration(ms)
8710,1700622519.659990,Starting forkall,0.00
8710,1700622519.763063,Starting parent,103.07
8710,1700622519.763932,Started wait for iothread lock,0.87
8710,1700622519.766041,Acquired iothread lock,2.11
8710,1700622519.766079,HMP done in parent,0.04
8821,1700622527.802835,Starting forkall,8036.76
8834,1700622527.902412,Starting child,99.58
8834,1700622527.905122,Restored threads,2.71
