PID,Time,Event,Duration(ms)
18082,1700975544.203926,Starting forkall,0.00
18082,1700975544.302397,Starting parent,98.47
18082,1700975544.303257,Started wait for iothread lock,0.86
18082,1700975544.303322,Acquired iothread lock,0.07
18082,1700975544.303417,HMP done in parent,0.09
18424,1700975560.435276,Starting forkall,16131.86
18437,1700975560.535049,Starting child,99.77
18437,1700975560.539404,Restored threads,4.35
