PID,Time,Event,Duration(ms)
16432,1700975462.699507,Starting forkall,0.00
16432,1700975462.798421,Starting parent,98.91
16432,1700975462.799227,Started wait for iothread lock,0.81
16432,1700975462.799301,Acquired iothread lock,0.07
16432,1700975462.799368,HMP done in parent,0.07
17715,1700975523.797216,Starting forkall,60997.85
17728,1700975523.896554,Starting child,99.34
17728,1700975523.897541,Restored threads,0.99
