PID,Time,Event,Duration(ms)
19939,1700975621.510876,Starting forkall,0.00
19939,1700975621.609196,Starting parent,98.32
19939,1700975621.609941,Started wait for iothread lock,0.75
19939,1700975621.610018,Acquired iothread lock,0.08
19939,1700975621.610217,HMP done in parent,0.20
20023,1700975625.554810,Starting forkall,3944.59
20036,1700975625.654802,Starting child,99.99
20036,1700975625.655891,Restored threads,1.09
