PID,Time,Event,Duration(ms)
29787,1700976620.038640,Starting forkall,0.00
29787,1700976620.137599,Starting parent,98.96
29787,1700976620.138374,Started wait for iothread lock,0.78
29787,1700976620.138462,Acquired iothread lock,0.09
29787,1700976620.138541,HMP done in parent,0.08
30325,1700976648.516657,Starting forkall,28378.12
30338,1700976648.614501,Starting child,97.84
30338,1700976648.614689,Restored threads,0.19
