PID,Time,Event,Duration(ms)
27636,1700976514.003253,Starting forkall,0.00
27636,1700976514.102047,Starting parent,98.79
27636,1700976514.102812,Started wait for iothread lock,0.77
27636,1700976514.102876,Acquired iothread lock,0.06
27636,1700976514.103073,HMP done in parent,0.20
28678,1700976567.048482,Starting forkall,52945.41
28691,1700976567.148289,Starting child,99.81
28691,1700976567.149520,Restored threads,1.23
