PID,Time,Event,Duration(ms)
18082,1700975544.203926,Starting forkall,0.00
18082,1700975544.302397,Starting parent,98.47
18082,1700975544.303257,Started wait for iothread lock,0.86
18082,1700975544.303322,Acquired iothread lock,0.07
18082,1700975544.303417,HMP done in parent,0.09
19681,1700975609.397837,Starting forkall,65094.42
19694,1700975609.497348,Starting child,99.51
19694,1700975609.498076,Restored threads,0.73
