PID,Time,Event,Duration(ms)
29787,1700976620.038640,Starting forkall,0.00
29787,1700976620.137599,Starting parent,98.96
29787,1700976620.138374,Started wait for iothread lock,0.78
29787,1700976620.138462,Acquired iothread lock,0.09
29787,1700976620.138541,HMP done in parent,0.08
30927,1700976677.125786,Starting forkall,56987.25
30940,1700976677.226034,Starting child,100.25
30940,1700976677.227703,Restored threads,1.67
