PID,Time,Event,Duration(ms)
19939,1700975621.510876,Starting forkall,0.00
19939,1700975621.609196,Starting parent,98.32
19939,1700975621.609941,Started wait for iothread lock,0.75
19939,1700975621.610018,Acquired iothread lock,0.08
19939,1700975621.610217,HMP done in parent,0.20
20189,1700975633.787500,Starting forkall,12177.28
20202,1700975633.886668,Starting child,99.17
20202,1700975633.888057,Restored threads,1.39
