PID,Time,Event,Duration(ms)
22462,1700767115.788689,Starting forkall,0.00
22462,1700767115.887269,Starting parent,98.58
22462,1700767115.888062,Started wait for iothread lock,0.79
22462,1700767115.888125,Acquired iothread lock,0.06
22462,1700767115.888217,HMP done in parent,0.09
22548,1700767119.846399,Starting forkall,3958.18
22561,1700767119.946227,Starting child,99.83
22561,1700767119.947228,Restored threads,1.00
