PID,Time,Event,Duration(ms)
19939,1700975621.510876,Starting forkall,0.00
19939,1700975621.609196,Starting parent,98.32
19939,1700975621.609941,Started wait for iothread lock,0.75
19939,1700975621.610018,Acquired iothread lock,0.08
19939,1700975621.610217,HMP done in parent,0.20
20103,1700975629.710046,Starting forkall,8099.83
20116,1700975629.809622,Starting child,99.58
20116,1700975629.810752,Restored threads,1.13
