PID,Time,Event,Duration(ms)
18082,1700975544.203926,Starting forkall,0.00
18082,1700975544.302397,Starting parent,98.47
18082,1700975544.303257,Started wait for iothread lock,0.86
18082,1700975544.303322,Acquired iothread lock,0.07
18082,1700975544.303417,HMP done in parent,0.09
19767,1700975613.319535,Starting forkall,69016.12
19780,1700975613.417732,Starting child,98.20
19780,1700975613.418196,Restored threads,0.46
