PID,Time,Event,Duration(ms)
18082,1700975544.203926,Starting forkall,0.00
18082,1700975544.302397,Starting parent,98.47
18082,1700975544.303257,Started wait for iothread lock,0.86
18082,1700975544.303322,Acquired iothread lock,0.07
18082,1700975544.303417,HMP done in parent,0.09
19595,1700975605.187088,Starting forkall,60883.67
19608,1700975605.287073,Starting child,99.98
19608,1700975605.289063,Restored threads,1.99
