PID,Time,Event,Duration(ms)
20247,1700975637.853209,Starting forkall,0.00
20247,1700975637.952686,Starting parent,99.48
20247,1700975637.953490,Started wait for iothread lock,0.80
20247,1700975637.953559,Acquired iothread lock,0.07
20247,1700975637.953605,HMP done in parent,0.05
20332,1700975641.825475,Starting forkall,3871.87
20345,1700975641.925340,Starting child,99.86
20345,1700975641.927770,Restored threads,2.43
