PID,Time,Event,Duration(ms)
16432,1700975462.699507,Starting forkall,0.00
16432,1700975462.798421,Starting parent,98.91
16432,1700975462.799227,Started wait for iothread lock,0.81
16432,1700975462.799301,Acquired iothread lock,0.07
16432,1700975462.799368,HMP done in parent,0.07
17801,1700975527.885580,Starting forkall,65086.21
17814,1700975527.984787,Starting child,99.21
17814,1700975527.986017,Restored threads,1.23
