PID,Time,Event,Duration(ms)
16432,1700975462.699507,Starting forkall,0.00
16432,1700975462.798421,Starting parent,98.91
16432,1700975462.799227,Started wait for iothread lock,0.81
16432,1700975462.799301,Acquired iothread lock,0.07
16432,1700975462.799368,HMP done in parent,0.07
17996,1700975540.051155,Starting forkall,77251.79
18009,1700975540.150945,Starting child,99.79
18009,1700975540.152357,Restored threads,1.41
