PID,Time,Event,Duration(ms)
8195,1700622495.462392,Starting forkall,0.00
8195,1700622495.560849,Starting parent,98.46
8195,1700622495.561651,Started wait for iothread lock,0.80
8195,1700622495.561717,Acquired iothread lock,0.07
8195,1700622495.561870,HMP done in parent,0.15
8281,1700622499.445199,Starting forkall,3883.33
8294,1700622499.545288,Starting child,100.09
8294,1700622499.546130,Restored threads,0.84
