PID,Time,Event,Duration(ms)
27636,1700976514.003253,Starting forkall,0.00
27636,1700976514.102047,Starting parent,98.79
27636,1700976514.102812,Started wait for iothread lock,0.77
27636,1700976514.102876,Acquired iothread lock,0.06
27636,1700976514.103073,HMP done in parent,0.20
29016,1700976583.272017,Starting forkall,69168.94
29029,1700976583.375886,Starting child,103.87
29029,1700976583.377501,Restored threads,1.62
