PID,Time,Event,Duration(ms)
18082,1700975544.203926,Starting forkall,0.00
18082,1700975544.302397,Starting parent,98.47
18082,1700975544.303257,Started wait for iothread lock,0.86
18082,1700975544.303322,Acquired iothread lock,0.07
18082,1700975544.303417,HMP done in parent,0.09
18166,1700975548.233576,Starting forkall,3930.16
18179,1700975548.333026,Starting child,99.45
18179,1700975548.334599,Restored threads,1.57
