PID,Time,Event,Duration(ms)
29101,1700976587.399681,Starting forkall,0.00
29101,1700976587.498767,Starting parent,99.09
29101,1700976587.499633,Started wait for iothread lock,0.87
29101,1700976587.499778,Acquired iothread lock,0.14
29101,1700976587.499823,HMP done in parent,0.05
29185,1700976591.530004,Starting forkall,4030.18
29198,1700976591.629246,Starting child,99.24
29198,1700976591.630960,Restored threads,1.71
