PID,Time,Event,Duration(ms)
13245,1700975307.941229,Starting forkall,0.00
13245,1700975308.039949,Starting parent,98.72
13245,1700975308.040713,Started wait for iothread lock,0.76
13245,1700975308.040819,Acquired iothread lock,0.11
13245,1700975308.040908,HMP done in parent,0.09
13501,1700975320.123137,Starting forkall,12082.23
13514,1700975320.223057,Starting child,99.92
13514,1700975320.224207,Restored threads,1.15
