PID,Time,Event,Duration(ms)
13245,1700975307.941229,Starting forkall,0.00
13245,1700975308.039949,Starting parent,98.72
13245,1700975308.040713,Started wait for iothread lock,0.76
13245,1700975308.040819,Acquired iothread lock,0.11
13245,1700975308.040908,HMP done in parent,0.09
13931,1700975340.443249,Starting forkall,32402.34
13944,1700975340.542945,Starting child,99.70
13944,1700975340.544526,Restored threads,1.58
