PID,Time,Event,Duration(ms)
23217,1700503499.449972,Starting forkall,0.00
23217,1700503499.552482,Starting parent,102.51
23217,1700503499.553061,Started wait for iothread lock,0.58
23217,1700503499.553080,Acquired iothread lock,0.02
23217,1700503499.553150,HMP done in parent,0.07
23442,1700503508.541361,Starting forkall,8988.21
23462,1700503508.644064,Starting child,102.70
23462,1700503508.645013,Restored threads,0.95
