PID,Time,Event,Duration(ms)
13245,1700975307.941229,Starting forkall,0.00
13245,1700975308.039949,Starting parent,98.72
13245,1700975308.040713,Started wait for iothread lock,0.76
13245,1700975308.040819,Acquired iothread lock,0.11
13245,1700975308.040908,HMP done in parent,0.09
13415,1700975316.070351,Starting forkall,8029.44
13428,1700975316.173175,Starting child,102.82
13428,1700975316.174243,Restored threads,1.07
