PID,Time,Event,Duration(ms)
13245,1700975307.941229,Starting forkall,0.00
13245,1700975308.039949,Starting parent,98.72
13245,1700975308.040713,Started wait for iothread lock,0.76
13245,1700975308.040819,Acquired iothread lock,0.11
13245,1700975308.040908,HMP done in parent,0.09
13587,1700975324.169798,Starting forkall,16128.89
13600,1700975324.269581,Starting child,99.78
13600,1700975324.270407,Restored threads,0.83
