PID,Time,Event,Duration(ms)
13245,1700975307.941229,Starting forkall,0.00
13245,1700975308.039949,Starting parent,98.72
13245,1700975308.040713,Started wait for iothread lock,0.76
13245,1700975308.040819,Acquired iothread lock,0.11
13245,1700975308.040908,HMP done in parent,0.09
13760,1700975332.508168,Starting forkall,24467.26
13773,1700975332.610096,Starting child,101.93
13773,1700975332.611643,Restored threads,1.55
