PID,Time,Event,Duration(ms)
16920,1700766861.512712,Starting forkall,0.00
16920,1700766861.615912,Starting parent,103.20
16920,1700766861.616878,Started wait for iothread lock,0.97
16920,1700766861.619034,Acquired iothread lock,2.16
16920,1700766861.619103,HMP done in parent,0.07
17006,1700766865.609418,Starting forkall,3990.31
17019,1700766865.708888,Starting child,99.47
17019,1700766865.711073,Restored threads,2.18
