PID,Time,Event,Duration(ms)
7589,1701392854.683822,Starting forkall,0.00
7589,1701392854.790931,Starting parent,107.11
7589,1701392854.790970,Started wait for iothread lock,0.04
7589,1701392854.791597,Acquired iothread lock,0.63
7589,1701392854.791619,HMP done in parent,0.02
8700,1701392993.385301,Starting forkall,138593.68
8716,1701392993.486166,Starting child,100.86
8716,1701392993.486430,Restored threads,0.26
