PID,Time,Event,Duration(ms)
20928,1700975670.400665,Starting forkall,0.00
20928,1700975670.499482,Starting parent,98.82
20928,1700975670.500251,Started wait for iothread lock,0.77
20928,1700975670.500331,Acquired iothread lock,0.08
20928,1700975670.500778,HMP done in parent,0.45
23549,1700976318.305842,Starting forkall,647805.06
23577,1700976318.405411,Starting child,99.57
23577,1700976318.406879,Restored threads,1.47
