PID,Time,Event,Duration(ms)
24002,1700976338.701320,Starting forkall,0.00
24002,1700976338.798353,Starting parent,97.03
24002,1700976338.798579,Started wait for iothread lock,0.23
24002,1700976338.798596,Acquired iothread lock,0.02
24002,1700976338.798621,HMP done in parent,0.03
24683,1700976371.323394,Starting forkall,32524.77
24696,1700976371.423015,Starting child,99.62
24696,1700976371.424142,Restored threads,1.13
