PID,Time,Event,Duration(ms)
13245,1700975307.941229,Starting forkall,0.00
13245,1700975308.039949,Starting parent,98.72
13245,1700975308.040713,Started wait for iothread lock,0.76
13245,1700975308.040819,Acquired iothread lock,0.11
13245,1700975308.040908,HMP done in parent,0.09
14641,1700975377.127125,Starting forkall,69086.22
14655,1700975377.226755,Starting child,99.63
14655,1700975377.228006,Restored threads,1.25
