PID,Time,Event,Duration(ms)
24855,1700976379.522763,Starting forkall,0.00
24855,1700976379.621699,Starting parent,98.94
24855,1700976379.629716,Started wait for iothread lock,8.02
24855,1700976379.629812,Acquired iothread lock,0.10
24855,1700976379.629879,HMP done in parent,0.07
25364,1700976404.076925,Starting forkall,24447.05
25377,1700976404.175990,Starting child,99.07
25377,1700976404.177545,Restored threads,1.55
