PID,Time,Event,Duration(ms)
13245,1700975307.941229,Starting forkall,0.00
13245,1700975308.039949,Starting parent,98.72
13245,1700975308.040713,Started wait for iothread lock,0.76
13245,1700975308.040819,Acquired iothread lock,0.11
13245,1700975308.040908,HMP done in parent,0.09
14273,1700975356.708649,Starting forkall,48667.74
14286,1700975356.808650,Starting child,100.00
14286,1700975356.809776,Restored threads,1.13
