PID,Time,Event,Duration(ms)
13245,1700975307.941229,Starting forkall,0.00
13245,1700975308.039949,Starting parent,98.72
13245,1700975308.040713,Started wait for iothread lock,0.76
13245,1700975308.040819,Acquired iothread lock,0.11
13245,1700975308.040908,HMP done in parent,0.09
14359,1700975360.802853,Starting forkall,52761.95
14372,1700975360.902622,Starting child,99.77
14372,1700975360.903911,Restored threads,1.29
