PID,Time,Event,Duration(ms)
14728,1700975381.198322,Starting forkall,0.00
14728,1700975381.297445,Starting parent,99.12
14728,1700975381.298191,Started wait for iothread lock,0.75
14728,1700975381.298265,Acquired iothread lock,0.07
14728,1700975381.298342,HMP done in parent,0.08
14898,1700975389.347376,Starting forkall,8049.03
14911,1700975389.447268,Starting child,99.89
14911,1700975389.448802,Restored threads,1.53
