PID,Time,Event,Duration(ms)
7589,1701392854.683822,Starting forkall,0.00
7589,1701392854.790931,Starting parent,107.11
7589,1701392854.790970,Started wait for iothread lock,0.04
7589,1701392854.791597,Acquired iothread lock,0.63
7589,1701392854.791619,HMP done in parent,0.02
8800,1701393001.477169,Starting forkall,146685.55
8827,1701393001.577890,Starting child,100.72
8827,1701393001.578149,Restored threads,0.26
