PID,Time,Event,Duration(ms)
24855,1700976379.522763,Starting forkall,0.00
24855,1700976379.621699,Starting parent,98.94
24855,1700976379.629716,Started wait for iothread lock,8.02
24855,1700976379.629812,Acquired iothread lock,0.10
24855,1700976379.629879,HMP done in parent,0.07
25278,1700976399.915478,Starting forkall,20285.60
25291,1700976400.015221,Starting child,99.74
25291,1700976400.016341,Restored threads,1.12
