PID,Time,Event,Duration(ms)
12612,1700975279.519031,Starting forkall,0.00
12612,1700975279.617142,Starting parent,98.11
12612,1700975279.617911,Started wait for iothread lock,0.77
12612,1700975279.617976,Acquired iothread lock,0.06
12612,1700975279.618052,HMP done in parent,0.08
12782,1700975283.540316,Starting forkall,3922.26
12804,1700975283.639654,Starting child,99.34
12804,1700975283.640867,Restored threads,1.21
