PID,Time,Event,Duration(ms)
13245,1700975307.941229,Starting forkall,0.00
13245,1700975308.039949,Starting parent,98.72
13245,1700975308.040713,Started wait for iothread lock,0.76
13245,1700975308.040819,Acquired iothread lock,0.11
13245,1700975308.040908,HMP done in parent,0.09
14557,1700975373.059988,Starting forkall,65019.08
14570,1700975373.158249,Starting child,98.26
14570,1700975373.158869,Restored threads,0.62
