PID,Time,Event,Duration(ms)
7589,1701392854.683822,Starting forkall,0.00
7589,1701392854.790931,Starting parent,107.11
7589,1701392854.790970,Started wait for iothread lock,0.04
7589,1701392854.791597,Acquired iothread lock,0.63
7589,1701392854.791619,HMP done in parent,0.02
8909,1701393009.527201,Starting forkall,154735.58
8936,1701393009.627445,Starting child,100.24
8936,1701393009.627711,Restored threads,0.27
