PID,Time,Event,Duration(ms)
12612,1700975279.519031,Starting forkall,0.00
12612,1700975279.617142,Starting parent,98.11
12612,1700975279.617911,Started wait for iothread lock,0.77
12612,1700975279.617976,Acquired iothread lock,0.06
12612,1700975279.618052,HMP done in parent,0.08
12880,1700975287.617516,Starting forkall,7999.46
12893,1700975287.720711,Starting child,103.19
12893,1700975287.722394,Restored threads,1.68
