PID,Time,Event,Duration(ms)
23662,1700976322.410677,Starting forkall,0.00
23662,1700976322.509776,Starting parent,99.10
23662,1700976322.510650,Started wait for iothread lock,0.87
23662,1700976322.510763,Acquired iothread lock,0.11
23662,1700976322.511253,HMP done in parent,0.49
23832,1700976330.468307,Starting forkall,7957.05
23845,1700976330.567783,Starting child,99.48
23845,1700976330.568769,Restored threads,0.99
