PID,Time,Event,Duration(ms)
12612,1700975279.519031,Starting forkall,0.00
12612,1700975279.617142,Starting parent,98.11
12612,1700975279.617911,Started wait for iothread lock,0.77
12612,1700975279.617976,Acquired iothread lock,0.06
12612,1700975279.618052,HMP done in parent,0.08
12966,1700975291.697714,Starting forkall,12079.66
12979,1700975291.796333,Starting child,98.62
12979,1700975291.797167,Restored threads,0.83
