PID,Time,Event,Duration(ms)
7589,1701392854.683822,Starting forkall,0.00
7589,1701392854.790931,Starting parent,107.11
7589,1701392854.790970,Started wait for iothread lock,0.04
7589,1701392854.791597,Acquired iothread lock,0.63
7589,1701392854.791619,HMP done in parent,0.02
9152,1701393025.703650,Starting forkall,170912.03
9169,1701393025.802392,Starting child,98.74
9169,1701393025.802675,Restored threads,0.28
