PID,Time,Event,Duration(ms)
23662,1700976322.410677,Starting forkall,0.00
23662,1700976322.509776,Starting parent,99.10
23662,1700976322.510650,Started wait for iothread lock,0.87
23662,1700976322.510763,Acquired iothread lock,0.11
23662,1700976322.511253,HMP done in parent,0.49
23918,1700976334.595743,Starting forkall,12084.49
23931,1700976334.694185,Starting child,98.44
23931,1700976334.695406,Restored threads,1.22
