PID,Time,Event,Duration(ms)
7589,1701392854.683822,Starting forkall,0.00
7589,1701392854.790931,Starting parent,107.11
7589,1701392854.790970,Started wait for iothread lock,0.04
7589,1701392854.791597,Acquired iothread lock,0.63
7589,1701392854.791619,HMP done in parent,0.02
9251,1701393033.762547,Starting forkall,178970.93
9278,1701393033.860827,Starting child,98.28
9278,1701393033.861102,Restored threads,0.28
