PID,Time,Event,Duration(ms)
13245,1700975307.941229,Starting forkall,0.00
13245,1700975308.039949,Starting parent,98.72
13245,1700975308.040713,Started wait for iothread lock,0.76
13245,1700975308.040819,Acquired iothread lock,0.11
13245,1700975308.040908,HMP done in parent,0.09
13329,1700975312.096220,Starting forkall,4055.31
13342,1700975312.200929,Starting child,104.71
13342,1700975312.202105,Restored threads,1.18
